doc_type_name	date	description	source_url_si	source_url_ta	source_url_en	doc_num	id	dir_data
extra-gazettes	2025-07-07	Elections Commission - Declare Elected as a Member of Parliament under Article 99A of the Constitution (Elected Mr. U.D.N. Jayaweera as a Member of the Tenth Parliament)	https://documents.gov.lk/view/extra-gazettes/2025/7/2444-07_S.pdf	None	None	2444/07	2444-07	data/extra-gazettes/2025/2444-07
extra-gazettes	2025-07-07	"Election Commission - Local Authorities Elections Ordinance (Chapter 262) - Notice under Section 66 (2) ""Elected to the Members of Akmeemana P.S and Bandarawela P.S"	https://documents.gov.lk/view/extra-gazettes/2025/7/2444-02_S.pdf	https://documents.gov.lk/view/extra-gazettes/2025/7/2444-02_T.pdf	https://documents.gov.lk/view/extra-gazettes/2025/7/2444-02_E.pdf	2444/02	2444-02	data/extra-gazettes/2025/2444-02
bills	2025-07-04	Land Development (Amendment) - GS	https://documents.gov.lk/view/bills/2025/7/617-2025_S.pdf	https://documents.gov.lk/view/bills/2025/7/617-2025_T.pdf	https://documents.gov.lk/view/bills/2025/7/617-2025_E.pdf	617/2025	617-2025	data/bills/2025/617-2025
extra-gazettes	2025-07-04	Election Commission - Elected Chairman and Vice Chairman of 03 Local Government Institutions in Western Province	https://documents.gov.lk/view/extra-gazettes/2025/7/2443-61_S.pdf	None	None	2443/61	2443-61	data/extra-gazettes/2025/2443-61
extra-gazettes	2025-07-04	Election Commission - Local Authorities Elections Ordinance (Chapter 262) Notice under Section 66(2) Elected to the Members of Biyagama, Weraketiya and Thalawa P.S	https://documents.gov.lk/view/extra-gazettes/2025/7/2443-60_S.pdf	None	https://documents.gov.lk/view/extra-gazettes/2025/7/2443-60_E.pdf	2443/60	2443-60	data/extra-gazettes/2025/2443-60
extra-gazettes	2025-07-04	Department of Local Government - Norther Province - Elected Mayor, Deputy Mayor, Chairman and Vice Chairman in the 1st Meeting of Local Authorities in Norther Province	https://documents.gov.lk/view/extra-gazettes/2025/7/2443-58_S.pdf	None	https://documents.gov.lk/view/extra-gazettes/2025/7/2443-58_E.pdf	2443/58	2443-58	data/extra-gazettes/2025/2443-58
gazettes	2025-07-04	Legal Section	https://documents.gov.lk/view/gazettes/2025/7/2025-07-04(II-0)S.pdf	None	https://documents.gov.lk/view/gazettes/2025/7/2025-07-04(II-0)E.pdf	2025-07-04-legal-section	2025-07-04-legal-section	data/gazettes/2025/2025-07-04-legal-section
gazettes	2025-07-04	Land Section	https://documents.gov.lk/view/gazettes/2025/7/2025-07-04(III-0)S.pdf	None	https://documents.gov.lk/view/gazettes/2025/7/2025-07-04(III-0)E.pdf	2025-07-04-land-section	2025-07-04-land-section	data/gazettes/2025/2025-07-04-land-section
gazettes	2025-07-04	IV (A) - Provincial Councils	https://documents.gov.lk/view/gazettes/2025/7/2025-07-04(IV-A)S.pdf	None	https://documents.gov.lk/view/gazettes/2025/7/2025-07-04(IV-A)E.pdf	2025-07-04-iv-a-provincial-councils	2025-07-04-iv-a-provincial-councils	data/gazettes/2025/2025-07-04-iv-a-provincial-councils
gazettes	2025-07-04	(III) - TRADE MARKS AND PATENT NOTICES	https://documents.gov.lk/view/gazettes/2025/7/2025-07-04(I-III)S.pdf	None	https://documents.gov.lk/view/gazettes/2025/7/2025-07-04(I-III)E.pdf	2025-07-04-iii-trade-marks-and-patent-notices	2025-07-04-iii-trade-marks-and-patent-notices	data/gazettes/2025/2025-07-04-iii-trade-marks-and-patent-notices
gazettes	2025-07-04	(IIB) - Advertising	None	https://documents.gov.lk/view/gazettes/2025/7/2025-07-04(I-IIB)T.pdf	https://documents.gov.lk/view/gazettes/2025/7/2025-07-04(I-IIB)E.pdf	2025-07-04-iib-advertising	2025-07-04-iib-advertising	data/gazettes/2025/2025-07-04-iib-advertising
gazettes	2025-07-04	(IIA) - Advertising	https://documents.gov.lk/view/gazettes/2025/7/2025-07-04(I-IIA)S.pdf	None	https://documents.gov.lk/view/gazettes/2025/7/2025-07-04(I-IIA)E.pdf	2025-07-04-iia-advertising	2025-07-04-iia-advertising	data/gazettes/2025/2025-07-04-iia-advertising
gazettes	2025-07-04	(I) - General	https://documents.gov.lk/view/gazettes/2025/7/2025-07-04(I-I)S.pdf	None	None	2025-07-04-i-general	2025-07-04-i-general	data/gazettes/2025/2025-07-04-i-general
bills	2025-07-03	Mediation (Civil and Commercial Disputes) - GS	https://documents.gov.lk/view/bills/2025/7/616-2025_S.pdf	https://documents.gov.lk/view/bills/2025/7/616-2025_T.pdf	https://documents.gov.lk/view/bills/2025/7/616-2025_E.pdf	616/2025	616-2025	data/bills/2025/616-2025
extra-gazettes	2025-07-03	Presidential Secretariat - Removal from BMICH Management Membership	https://documents.gov.lk/view/extra-gazettes/2025/7/2443-56_S.pdf	https://documents.gov.lk/view/extra-gazettes/2025/7/2443-56_T.pdf	https://documents.gov.lk/view/extra-gazettes/2025/7/2443-56_E.pdf	2443/56	2443-56	data/extra-gazettes/2025/2443-56
extra-gazettes	2025-07-03	Election Commission - Parliamentary Elections Act. No 01 of 1981 Filling of a Vacancy under Section 64 (5)	https://documents.gov.lk/view/extra-gazettes/2025/7/2443-50_S.pdf	https://documents.gov.lk/view/extra-gazettes/2025/7/2443-50_T.pdf	https://documents.gov.lk/view/extra-gazettes/2025/7/2443-50_E.pdf	2443/50	2443-50	data/extra-gazettes/2025/2443-50
extra-gazettes	2025-07-01	Inland Revenue Department Value Added Tax Act, No. 14 of 2022 Procedure for Collecting and paying VAT	https://documents.gov.lk/view/extra-gazettes/2025/7/2443-30_S.pdf	None	https://documents.gov.lk/view/extra-gazettes/2025/7/2443-30_E.pdf	2443/30	2443-30	data/extra-gazettes/2025/2443-30
extra-gazettes	2025-07-01	Dept. of Local Government Western Province - Notification Made under Section 66 (1) Recall of first Meeting of 04 Local Government Institutions	https://documents.gov.lk/view/extra-gazettes/2025/7/2443-28_S.pdf	None	None	2443/28	2443-28	data/extra-gazettes/2025/2443-28
extra-gazettes	2025-07-01	Dept of Local Government N W P - Appointed Chairman and Vice Chairman for 03 Local Government Institutions	https://documents.gov.lk/view/extra-gazettes/2025/7/2443-21_S.pdf	None	https://documents.gov.lk/view/extra-gazettes/2025/7/2443-21_E.pdf	2443/21	2443-21	data/extra-gazettes/2025/2443-21
extra-gazettes	2025-06-30	2443/15	https://documents.gov.lk/view/extra-gazettes/2025/6/2443-15_S.pdf	None	https://documents.gov.lk/view/extra-gazettes/2025/6/2443-15_E.pdf	2443/15	2443-15	data/extra-gazettes/2025/2443-15
extra-gazettes	2025-06-30	"National Physical Planning Department - The Town and Country Planning Ordinance (Chapter 269) Declare that the Land called ""Sankapitti Purana Vihara area as an Urban Development Area"	https://documents.gov.lk/view/extra-gazettes/2025/6/2443-10_S.pdf	https://documents.gov.lk/view/extra-gazettes/2025/6/2443-10_T.pdf	https://documents.gov.lk/view/extra-gazettes/2025/6/2443-10_E.pdf	2443/10	2443-10	data/extra-gazettes/2025/2443-10
extra-gazettes	2025-06-30	Ministry of Health - Food Act, No.26 of 1980 Amended the Food (Iodization of Salt) Regulation 2023.	https://documents.gov.lk/view/extra-gazettes/2025/6/2443-09_S.pdf	https://documents.gov.lk/view/extra-gazettes/2025/6/2443-09_T.pdf	https://documents.gov.lk/view/extra-gazettes/2025/6/2443-09_E.pdf	2443/09	2443-09	data/extra-gazettes/2025/2443-09
extra-gazettes	2025-06-30	Ministry of Health - Food Act, No.26 of 1980 Amended the Food (Colour Coding for Suger Levels liquid) Regulation 2022.	https://documents.gov.lk/view/extra-gazettes/2025/6/2443-08_S.pdf	https://documents.gov.lk/view/extra-gazettes/2025/6/2443-08_T.pdf	https://documents.gov.lk/view/extra-gazettes/2025/6/2443-08_E.pdf	2443/08	2443-08	data/extra-gazettes/2025/2443-08
extra-gazettes	2025-06-30	Ministry of Health - Food Act, No.26 of 1980 Amended the Food (Frans - Fat) Regulation 2022.	https://documents.gov.lk/view/extra-gazettes/2025/6/2443-07_S.pdf	https://documents.gov.lk/view/extra-gazettes/2025/6/2443-07_T.pdf	https://documents.gov.lk/view/extra-gazettes/2025/6/2443-07_E.pdf	2443/07	2443-07	data/extra-gazettes/2025/2443-07
extra-gazettes	2025-06-30	Ministry of Health - Food Act, No.26 of 1980 Amended the Food (labelling and Advertising) Regulations 2023.	https://documents.gov.lk/view/extra-gazettes/2025/6/2443-06_S.pdf	https://documents.gov.lk/view/extra-gazettes/2025/6/2443-06_T.pdf	https://documents.gov.lk/view/extra-gazettes/2025/6/2443-06_E.pdf	2443/06	2443-06	data/extra-gazettes/2025/2443-06
extra-gazettes	2025-06-30	Sri Lanka Customs - Rate Of Exchange with Effect from 30.06.2025 to 06.07.2025	https://documents.gov.lk/view/extra-gazettes/2025/6/2443-01_S.pdf	https://documents.gov.lk/view/extra-gazettes/2025/6/2443-01_T.pdf	https://documents.gov.lk/view/extra-gazettes/2025/6/2443-01_E.pdf	2443/01	2443-01	data/extra-gazettes/2025/2443-01
extra-gazettes	2025-06-28	Dept. of Local Government - Eastern Province - Notice under section 66 (c) Appointed Vice Chairman Kantale Pradeshiya Sabha	https://documents.gov.lk/view/extra-gazettes/2025/6/2442-79_S.pdf	None	None	2442/79	2442-79	data/extra-gazettes/2025/2442-79
extra-gazettes	2025-06-27	Presidential Secretariat - Call out All the Members of the Armed Forces with effect from 27th June, 2025	https://documents.gov.lk/view/extra-gazettes/2025/6/2442-62_S.pdf	https://documents.gov.lk/view/extra-gazettes/2025/6/2442-62_T.pdf	https://documents.gov.lk/view/extra-gazettes/2025/6/2442-62_E.pdf	2442/62	2442-62	data/extra-gazettes/2025/2442-62
extra-gazettes	2025-06-27	Department of The Local Government N.C.P - Appointed Chairman and Vice Chairman for the Anuradgapura Local Authorities 2025	https://documents.gov.lk/view/extra-gazettes/2025/6/2442-61_S.pdf	https://documents.gov.lk/view/extra-gazettes/2025/6/2442-61_T.pdf	https://documents.gov.lk/view/extra-gazettes/2025/6/2442-61_E.pdf	2442/61	2442-61	data/extra-gazettes/2025/2442-61
extra-gazettes	2025-06-27	Election Commission - Local Autherities Elections- 2025 Notice Under Section 66 (2) Elected to members of 36 Local Governments Institutions	https://documents.gov.lk/view/extra-gazettes/2025/6/2442-60_S.pdf	None	https://documents.gov.lk/view/extra-gazettes/2025/6/2442-60_E.pdf	2442/60	2442-60	data/extra-gazettes/2025/2442-60
extra-gazettes	2025-06-27	Dept. of Local Government - Western Province Appointed Mayor, Deputy Mayor  Chairman and Vice Chairman for Local Government Institutions	https://documents.gov.lk/view/extra-gazettes/2025/6/2442-57_S.pdf	None	None	2442/57	2442-57	data/extra-gazettes/2025/2442-57
gazettes	2025-06-27	List of Jurors	https://documents.gov.lk/view/gazettes/2025/6/2025-06-27(VI)S.pdf	https://documents.gov.lk/view/gazettes/2025/6/2025-06-27(VI)T.pdf	https://documents.gov.lk/view/gazettes/2025/6/2025-06-27(VI)E.pdf	2025-06-27-list-of-jurors	2025-06-27-list-of-jurors	data/gazettes/2025/2025-06-27-list-of-jurors
gazettes	2025-06-27	Legal Section	https://documents.gov.lk/view/gazettes/2025/6/2025-06-27(II-0)S.pdf	None	None	2025-06-27-legal-section	2025-06-27-legal-section	data/gazettes/2025/2025-06-27-legal-section
gazettes	2025-06-27	Land Section	https://documents.gov.lk/view/gazettes/2025/6/2025-06-27(III-0)S.pdf	None	https://documents.gov.lk/view/gazettes/2025/6/2025-06-27(III-0)E.pdf	2025-06-27-land-section	2025-06-27-land-section	data/gazettes/2025/2025-06-27-land-section
gazettes	2025-06-27	IV (B) - Local Government	https://documents.gov.lk/view/gazettes/2025/6/2025-06-27(IV-B)S.pdf	None	https://documents.gov.lk/view/gazettes/2025/6/2025-06-27(IV-B)E.pdf	2025-06-27-iv-b-local-government	2025-06-27-iv-b-local-government	data/gazettes/2025/2025-06-27-iv-b-local-government
gazettes	2025-06-27	IV (A) - Provincial Councils	https://documents.gov.lk/view/gazettes/2025/6/2025-06-27(IV-A)S.pdf	None	https://documents.gov.lk/view/gazettes/2025/6/2025-06-27(IV-A)E.pdf	2025-06-27-iv-a-provincial-councils	2025-06-27-iv-a-provincial-councils	data/gazettes/2025/2025-06-27-iv-a-provincial-councils
gazettes	2025-06-27	(III) - TRADE MARKS AND PATENT NOTICES	https://documents.gov.lk/view/gazettes/2025/6/2025-06-27(I-III)S.pdf	None	https://documents.gov.lk/view/gazettes/2025/6/2025-06-27(I-III)E.pdf	2025-06-27-iii-trade-marks-and-patent-notices	2025-06-27-iii-trade-marks-and-patent-notices	data/gazettes/2025/2025-06-27-iii-trade-marks-and-patent-notices
gazettes	2025-06-27	(IIB) - Advertising	https://documents.gov.lk/view/gazettes/2025/6/2025-06-27(I-IIB)S.pdf	None	https://documents.gov.lk/view/gazettes/2025/6/2025-06-27(I-IIB)E.pdf	2025-06-27-iib-advertising	2025-06-27-iib-advertising	data/gazettes/2025/2025-06-27-iib-advertising
gazettes	2025-06-27	(IIA) - Advertising	https://documents.gov.lk/view/gazettes/2025/6/2025-06-27(I-IIA)S.pdf	https://documents.gov.lk/view/gazettes/2025/6/2025-06-27(I-IIA)T.pdf	https://documents.gov.lk/view/gazettes/2025/6/2025-06-27(I-IIA)E.pdf	2025-06-27-iia-advertising	2025-06-27-iia-advertising	data/gazettes/2025/2025-06-27-iia-advertising
gazettes	2025-06-27	(I) - General	https://documents.gov.lk/view/gazettes/2025/6/2025-06-27(I-I)S.pdf	https://documents.gov.lk/view/gazettes/2025/6/2025-06-27(I-I)T.pdf	https://documents.gov.lk/view/gazettes/2025/6/2025-06-27(I-I)E.pdf	2025-06-27-i-general	2025-06-27-i-general	data/gazettes/2025/2025-06-27-i-general
extra-gazettes	2025-06-26	Divisional Secretatiat Kamburupitiya Pilgrmages Ordinance (Chapter 175) Annual Esala Festival 2025 of Ilangamgoda Ancient Rajamaha Viharaya, Sapugoda Kaburupitiya	https://documents.gov.lk/view/extra-gazettes/2025/6/2442-49_S.pdf	None	https://documents.gov.lk/view/extra-gazettes/2025/6/2442-49_E.pdf	2442/49	2442-49	data/extra-gazettes/2025/2442-49
extra-gazettes	2025-06-26	Dept of Local Government Sabaragamuwa Province - Appointed Chairman and Vice Chairman for 02 Local Government Institutions	https://documents.gov.lk/view/extra-gazettes/2025/6/2442-47_S.pdf	None	None	2442/47	2442-47	data/extra-gazettes/2025/2442-47
extra-gazettes	2025-06-26	Dept. of Local Government - N. W. P - Notice under section 66 (c) Appointed Chairman, Vice Chairman, Mayor and Deputy Mayor for 14 Local Government Institutions.	https://documents.gov.lk/view/extra-gazettes/2025/6/2442-46_S.pdf	None	https://documents.gov.lk/view/extra-gazettes/2025/6/2442-46_E.pdf	2442/46	2442-46	data/extra-gazettes/2025/2442-46
extra-gazettes	2025-06-26	Dept of Local Government Sabaragamuwa Province - Appointed Chairman and Vice Chairman to the 04 Local Government Institutions	https://documents.gov.lk/view/extra-gazettes/2025/6/2442-45_S.pdf	None	None	2442/45	2442-45	data/extra-gazettes/2025/2442-45
extra-gazettes	2025-06-24	Land Aquisition - Uppuweli, Town and Gravets  D/S Division, Trincomalee District.	None	https://documents.gov.lk/view/extra-gazettes/2025/6/2442-32_T.pdf	None	2442/32	2442-32	data/extra-gazettes/2025/2442-32
extra-gazettes	2025-06-24	Sri Lanka Parliament - Convening of the Parliament of the Democratic Socialist Republic of Sri Lanka on Monday, the 30th of June, 2025 at 9.30 a.m.	https://documents.gov.lk/view/extra-gazettes/2025/6/2442-30_S.pdf	https://documents.gov.lk/view/extra-gazettes/2025/6/2442-30_T.pdf	https://documents.gov.lk/view/extra-gazettes/2025/6/2442-30_E.pdf	2442/30	2442-30	data/extra-gazettes/2025/2442-30
extra-gazettes	2025-06-24	Dept. of Census and Statistics National Consumer Price Index - May 2025	https://documents.gov.lk/view/extra-gazettes/2025/6/2442-29_S.pdf	https://documents.gov.lk/view/extra-gazettes/2025/6/2442-29_T.pdf	https://documents.gov.lk/view/extra-gazettes/2025/6/2442-29_E.pdf	2442/29	2442-29	data/extra-gazettes/2025/2442-29
bills	2025-06-23	National Audit (Amendment) - GS	https://documents.gov.lk/view/bills/2025/6/611-2025_S.pdf	https://documents.gov.lk/view/bills/2025/6/611-2025_T.pdf	https://documents.gov.lk/view/bills/2025/6/611-2025_E.pdf	611/2025	611-2025	data/bills/2025/611-2025
extra-gazettes	2025-06-23	Presidential Secretariat - Appointed Mr. K.G.P. Pushpakumara, as the Chief Secretary of the Western Province with effect from 09 the June 2025	https://documents.gov.lk/view/extra-gazettes/2025/6/2442-16_S.pdf	https://documents.gov.lk/view/extra-gazettes/2025/6/2442-16_T.pdf	https://documents.gov.lk/view/extra-gazettes/2025/6/2442-16_E.pdf	2442/16	2442-16	data/extra-gazettes/2025/2442-16
extra-gazettes	2025-06-23	Dept of Local Government - Western Province - Appointed Chairman and Vice Chairman for 06 Local Goverment Institutions - 2025	https://documents.gov.lk/view/extra-gazettes/2025/6/2442-02_S.pdf	None	https://documents.gov.lk/view/extra-gazettes/2025/6/2442-02_E.pdf	2442/02	2442-02	data/extra-gazettes/2025/2442-02
extra-gazettes	2025-06-23	Sri Lanka Customs - Rates of Exchange with effect from 23.06.2025 to 29.06.2025	https://documents.gov.lk/view/extra-gazettes/2025/6/2442-01_S.pdf	https://documents.gov.lk/view/extra-gazettes/2025/6/2442-01_T.pdf	https://documents.gov.lk/view/extra-gazettes/2025/6/2442-01_E.pdf	2442/01	2442-01	data/extra-gazettes/2025/2442-01
extra-gazettes	2025-06-21	Land Title Settlement Dept. - Aluthgama Bogamuwa, Gampaha D/S Division, Gampaha District (25/0060)	https://documents.gov.lk/view/extra-gazettes/2025/6/2441-71_S.pdf	https://documents.gov.lk/view/extra-gazettes/2025/6/2441-71_T.pdf	https://documents.gov.lk/view/extra-gazettes/2025/6/2441-71_E.pdf	2441/71	2441-71	data/extra-gazettes/2025/2441-71
extra-gazettes	2025-06-21	Land Title Settlement Dept. - Kaudana, Four Deh D/S Division, Colombo District - (7826)	https://documents.gov.lk/view/extra-gazettes/2025/6/2441-64_S.pdf	None	https://documents.gov.lk/view/extra-gazettes/2025/6/2441-64_E.pdf	2441/64	2441-64	data/extra-gazettes/2025/2441-64
extra-gazettes	2025-06-21	National Physical Planning Department Ã¢â¬â The Town and Country Planning Ordinance (Chapter 269) -Declare that Land called Maha Kappina Seemamalaka Viharaya call as an Urban Development area	None	None	https://documents.gov.lk/view/extra-gazettes/2025/6/2441-60_E.pdf	2441/60	2441-60	data/extra-gazettes/2025/2441-60
extra-gazettes	2025-06-21	National Physical Planning Department Ã¢â¬â The Town and Country Planning Ordinance (Chapter 269) -Declare that Land called Maha Manthinda Priven Viharaya as an Urban Development area	https://documents.gov.lk/view/extra-gazettes/2025/6/2441-59_S.pdf	None	https://documents.gov.lk/view/extra-gazettes/2025/6/2441-59_E.pdf	2441/59	2441-59	data/extra-gazettes/2025/2441-59
extra-gazettes	2025-06-21	National Physical Planning Department Ã¢â¬â The Town and Country Planning Ordinance (Chapter 269) -Declare that Land called Dickwella Deegawalukarama Rajamaha Vihara as an Urban Development area	https://documents.gov.lk/view/extra-gazettes/2025/6/2441-58_S.pdf	None	https://documents.gov.lk/view/extra-gazettes/2025/6/2441-58_E.pdf	2441/58	2441-58	data/extra-gazettes/2025/2441-58
extra-gazettes	2025-06-21	National Physical Planning Department Town and Country Planning Ordinance (Chapter 269) Declare that the Land called Purana Athkanda Rajamaha Viharaya called as an Urban Development Area	https://documents.gov.lk/view/extra-gazettes/2025/6/2441-57_S.pdf	None	https://documents.gov.lk/view/extra-gazettes/2025/6/2441-57_E.pdf	2441/57	2441-57	data/extra-gazettes/2025/2441-57
extra-gazettes	2025-06-20	Election Commission - Local Authorities Election - 2025 Notice Under Section 66(2) Elected to the Members for Dehiwala - Mount Lavinia M/C Kotikawatta - Mulleriyawa P.S, Homagama P.S and Weeraketiya Pradeshiya Sabha.	https://documents.gov.lk/view/extra-gazettes/2025/6/2441-55_S.pdf	https://documents.gov.lk/view/extra-gazettes/2025/6/2441-55_T.pdf	https://documents.gov.lk/view/extra-gazettes/2025/6/2441-55_E.pdf	2441/55	2441-55	data/extra-gazettes/2025/2441-55
extra-gazettes	2025-06-20	Land Title Settlement Dept. - Halpugala, Bope Poddala D/S Division, Galle District - (25/0186)	https://documents.gov.lk/view/extra-gazettes/2025/6/2441-52_S.pdf	None	https://documents.gov.lk/view/extra-gazettes/2025/6/2441-52_E.pdf	2441/52	2441-52	data/extra-gazettes/2025/2441-52
extra-gazettes	2025-06-20	Land Title Settlement Dept. - Doratiyawa, Mallavapitiya D/S Division, Kurunegala District - (25/5514102)	https://documents.gov.lk/view/extra-gazettes/2025/6/2441-50_S.pdf	None	https://documents.gov.lk/view/extra-gazettes/2025/6/2441-50_E.pdf	2441/50	2441-50	data/extra-gazettes/2025/2441-50
extra-gazettes	2025-06-20	Land Title Settlement Dept. - Horagolla, Gampaha D/S Division, Gampaha District - (25/0105)	https://documents.gov.lk/view/extra-gazettes/2025/6/2441-48_S.pdf	https://documents.gov.lk/view/extra-gazettes/2025/6/2441-48_T.pdf	https://documents.gov.lk/view/extra-gazettes/2025/6/2441-48_E.pdf	2441/48	2441-48	data/extra-gazettes/2025/2441-48
extra-gazettes	2025-06-20	Land Aquisition -Madawala, Pathadumbara D/S Division, Kandy District, Sec 07	https://documents.gov.lk/view/extra-gazettes/2025/6/2441-47_S.pdf	https://documents.gov.lk/view/extra-gazettes/2025/6/2441-47_T.pdf	https://documents.gov.lk/view/extra-gazettes/2025/6/2441-47_E.pdf	2441/47	2441-47	data/extra-gazettes/2025/2441-47
extra-gazettes	2025-06-20	Meditation Boards Commission- Notice Calling for Nominations for the Appointments of Mediators- Gampaha District	https://documents.gov.lk/view/extra-gazettes/2025/6/2441-46_S.pdf	https://documents.gov.lk/view/extra-gazettes/2025/6/2441-46_T.pdf	https://documents.gov.lk/view/extra-gazettes/2025/6/2441-46_E.pdf	2441/46	2441-46	data/extra-gazettes/2025/2441-46
extra-gazettes	2025-06-20	Meditation Boards Commission- Notice Calling for Nominations for the Appointments of Mediators	https://documents.gov.lk/view/extra-gazettes/2025/6/2441-45_S.pdf	None	https://documents.gov.lk/view/extra-gazettes/2025/6/2441-45_E.pdf	2441/45	2441-45	data/extra-gazettes/2025/2441-45
extra-gazettes	2025-06-20	Bibila Pradeshiya Sabha Roads and Narrow Paths - 2nd Gazette	https://documents.gov.lk/view/extra-gazettes/2025/6/2441-44_S.pdf	None	None	2441/44	2441-44	data/extra-gazettes/2025/2441-44
gazettes	2025-06-20	Legal Section	https://documents.gov.lk/view/gazettes/2025/6/2025-06-20(II-0)S.pdf	https://documents.gov.lk/view/gazettes/2025/6/2025-06-20(II-0)T.pdf	https://documents.gov.lk/view/gazettes/2025/6/2025-06-20(II-0)E.pdf	2025-06-20-legal-section	2025-06-20-legal-section	data/gazettes/2025/2025-06-20-legal-section
gazettes	2025-06-20	Land Section	https://documents.gov.lk/view/gazettes/2025/6/2025-06-20(III-0)S.pdf	None	https://documents.gov.lk/view/gazettes/2025/6/2025-06-20(III-0)E.pdf	2025-06-20-land-section	2025-06-20-land-section	data/gazettes/2025/2025-06-20-land-section
gazettes	2025-06-20	IV (B) - Local Government	https://documents.gov.lk/view/gazettes/2025/6/2025-06-20(IV-B)S.pdf	None	https://documents.gov.lk/view/gazettes/2025/6/2025-06-20(IV-B)E.pdf	2025-06-20-iv-b-local-government	2025-06-20-iv-b-local-government	data/gazettes/2025/2025-06-20-iv-b-local-government
gazettes	2025-06-20	(III) - TRADE MARKS AND PATENT NOTICES	https://documents.gov.lk/view/gazettes/2025/6/2025-06-20(I-III)S.pdf	None	https://documents.gov.lk/view/gazettes/2025/6/2025-06-20(I-III)E.pdf	2025-06-20-iii-trade-marks-and-patent-notices	2025-06-20-iii-trade-marks-and-patent-notices	data/gazettes/2025/2025-06-20-iii-trade-marks-and-patent-notices
gazettes	2025-06-20	(IIB) - Advertising	https://documents.gov.lk/view/gazettes/2025/6/2025-06-20(I-IIB)S.pdf	https://documents.gov.lk/view/gazettes/2025/6/2025-06-20(I-IIB)T.pdf	https://documents.gov.lk/view/gazettes/2025/6/2025-06-20(I-IIB)E.pdf	2025-06-20-iib-advertising	2025-06-20-iib-advertising	data/gazettes/2025/2025-06-20-iib-advertising
gazettes	2025-06-20	(IIA) - Advertising	https://documents.gov.lk/view/gazettes/2025/6/2025-06-20(I-IIA)S.pdf	https://documents.gov.lk/view/gazettes/2025/6/2025-06-20(I-IIA)T.pdf	https://documents.gov.lk/view/gazettes/2025/6/2025-06-20(I-IIA)E.pdf	2025-06-20-iia-advertising	2025-06-20-iia-advertising	data/gazettes/2025/2025-06-20-iia-advertising
gazettes	2025-06-20	(I) - General	https://documents.gov.lk/view/gazettes/2025/6/2025-06-20(I-I)S.pdf	https://documents.gov.lk/view/gazettes/2025/6/2025-06-20(I-I)T.pdf	https://documents.gov.lk/view/gazettes/2025/6/2025-06-20(I-I)E.pdf	2025-06-20-i-general	2025-06-20-i-general	data/gazettes/2025/2025-06-20-i-general
acts	2025-06-20	National Transport Commission (Amendment)	https://documents.gov.lk/view/acts/2025/6/08-2025_S.pdf	https://documents.gov.lk/view/acts/2025/6/08-2025_T.pdf	https://documents.gov.lk/view/acts/2025/6/08-2025_E.pdf	08/2025	08-2025	data/acts/2025/08-2025
acts	2025-06-20	Code of Criminal Procedure (Amendment)	https://documents.gov.lk/view/acts/2025/6/07-2025_S.pdf	https://documents.gov.lk/view/acts/2025/6/07-2025_T.pdf	https://documents.gov.lk/view/acts/2025/6/07-2025_E.pdf	07/2025	07-2025	data/acts/2025/07-2025
bills	2025-06-19	Kodhagoda Gunarathana Nahimi Foundation (Incorporation) - GS	https://documents.gov.lk/view/bills/2025/6/607-2025_S.pdf	https://documents.gov.lk/view/bills/2025/6/607-2025_T.pdf	https://documents.gov.lk/view/bills/2025/6/607-2025_E.pdf	607/2025	607-2025	data/bills/2025/607-2025
extra-gazettes	2025-06-19	Land Title Settlement Dept. - Moratumulla, Moratuwa D/S Division, Colombo District - (25/0236)	https://documents.gov.lk/view/extra-gazettes/2025/6/2441-33_S.pdf	None	https://documents.gov.lk/view/extra-gazettes/2025/6/2441-33_E.pdf	2441/33	2441-33	data/extra-gazettes/2025/2441-33
extra-gazettes	2025-06-19	Election Commission - Notice under Section 66B (1)(a) Appointed Gama Ethige Ariyadasa as a Chairman of the Balangoda Pradeshiya Sabha	https://documents.gov.lk/view/extra-gazettes/2025/6/2441-32_S.pdf	https://documents.gov.lk/view/extra-gazettes/2025/6/2441-32_T.pdf	https://documents.gov.lk/view/extra-gazettes/2025/6/2441-32_E.pdf	2441/32	2441-32	data/extra-gazettes/2025/2441-32
extra-gazettes	2025-06-19	Land Aquisition - Bollegala, Biyagama D/S Division, Gampaha District - Sec 07Land Aquisition - Errata, Sapugaskanda, Makola, Biyagama D/S Division,  Gampaha District - Sec 07	None	https://documents.gov.lk/view/extra-gazettes/2025/6/2441-30_T.pdf	None	2441/30	2441-30	data/extra-gazettes/2025/2441-30
bills	2025-06-18	Colombo Association of Language Skills and Dramatic Art (Incorporation) - Bill	https://documents.gov.lk/view/bills/2025/6/615-2025_S.pdf	https://documents.gov.lk/view/bills/2025/6/615-2025_T.pdf	https://documents.gov.lk/view/bills/2025/6/615-2025_E.pdf	615/2025	615-2025	data/bills/2025/615-2025
extra-gazettes	2025-06-18	Galigamuwa Pradeshiya Sabha Roads and Paths	https://documents.gov.lk/view/extra-gazettes/2025/6/2441-29_S.pdf	None	https://documents.gov.lk/view/extra-gazettes/2025/6/2441-29_E.pdf	2441/29	2441-29	data/extra-gazettes/2025/2441-29
extra-gazettes	2025-06-18	Land Aquisition - Kengalla, Kundasale D/S Division, Kandy District - Sec 05Land Aquisition - Lunukatiyamadiththa, Kundasale D/S Division,  Kandy District - Sec 05	https://documents.gov.lk/view/extra-gazettes/2025/6/2441-28_S.pdf	None	https://documents.gov.lk/view/extra-gazettes/2025/6/2441-28_E.pdf	2441/28	2441-28	data/extra-gazettes/2025/2441-28
extra-gazettes	2025-06-18	Governer's Secretarial Northern Province - Co-operative Socities Law No. 05 of 1972 Conferment of Power	https://documents.gov.lk/view/extra-gazettes/2025/6/2441-27_S.pdf	https://documents.gov.lk/view/extra-gazettes/2025/6/2441-27_T.pdf	https://documents.gov.lk/view/extra-gazettes/2025/6/2441-27_E.pdf	2441/27	2441-27	data/extra-gazettes/2025/2441-27
extra-gazettes	2025-06-18	Land Aquisition - Matale D/S Division, Matale District - Sec 33Land Aquisition - Thaldeniya, Medadumbara D/S Division, Kandy District - Sec 33	https://documents.gov.lk/view/extra-gazettes/2025/6/2441-26_S.pdf	None	https://documents.gov.lk/view/extra-gazettes/2025/6/2441-26_E.pdf	2441/26	2441-26	data/extra-gazettes/2025/2441-26
extra-gazettes	2025-06-18	Land Aquisition - Thissawawawaththa,Nuwaragampalatha Central D/S Division, Anuradhapura District - Sec 33Land Aquisition - Thissawawawaththa,Nuwaragampalatha Central D/S Division, Anuradhapura District - Sec 33	https://documents.gov.lk/view/extra-gazettes/2025/6/2441-25_S.pdf	https://documents.gov.lk/view/extra-gazettes/2025/6/2441-25_T.pdf	https://documents.gov.lk/view/extra-gazettes/2025/6/2441-25_E.pdf	2441/25	2441-25	data/extra-gazettes/2025/2441-25
extra-gazettes	2025-06-18	Land Aquisition - Thissawawawaththa,Nuwaragampalatha Central D/S Division, Anuradhapura District - Sec 33Land Aquisition - Thissawawawaththa,Nuwaragampalatha Central D/S Division, Anuradhapura District - Sec 33	https://documents.gov.lk/view/extra-gazettes/2025/6/2441-24_S.pdf	None	https://documents.gov.lk/view/extra-gazettes/2025/6/2441-24_E.pdf	2441/24	2441-24	data/extra-gazettes/2025/2441-24
extra-gazettes	2025-06-18	Sri Lanka Railways Welfare Society Act (Authority 285) Regulations	https://documents.gov.lk/view/extra-gazettes/2025/6/2441-23_S.pdf	https://documents.gov.lk/view/extra-gazettes/2025/6/2441-23_T.pdf	https://documents.gov.lk/view/extra-gazettes/2025/6/2441-23_E.pdf	2441/23	2441-23	data/extra-gazettes/2025/2441-23
extra-gazettes	2025-06-18	Election Commission - Notice Under Section 66A (1) (a) Appointed Mr.Gama Athige Ariyadasa as a Member of the Balangoda Pradeshiya Sabha.	https://documents.gov.lk/view/extra-gazettes/2025/6/2441-20_S.pdf	https://documents.gov.lk/view/extra-gazettes/2025/6/2441-20_T.pdf	https://documents.gov.lk/view/extra-gazettes/2025/6/2441-20_E.pdf	2441/20	2441-20	data/extra-gazettes/2025/2441-20
extra-gazettes	2025-06-18	Land Aquisition - Paathamulla, Paduwasnuwara D/S Division, Kurunegala District - Amendment. Walasmulla D/S Division, Kurunegal District - Amendment. Walasmulla D/S Division, Kurunegal District Sec 07	https://documents.gov.lk/view/extra-gazettes/2025/6/2441-19_S.pdf	None	https://documents.gov.lk/view/extra-gazettes/2025/6/2441-19_E.pdf	2441/19	2441-19	data/extra-gazettes/2025/2441-19
extra-gazettes	2025-06-18	Ministry of Education - Universities Act, No. 16 of 1978 degree Awarding Institute Order Sri Lanka Institute of Information Technology (Guarantee). Limited Jaffna Branch	https://documents.gov.lk/view/extra-gazettes/2025/6/2441-17_S.pdf	https://documents.gov.lk/view/extra-gazettes/2025/6/2441-17_T.pdf	https://documents.gov.lk/view/extra-gazettes/2025/6/2441-17_E.pdf	2441/17	2441-17	data/extra-gazettes/2025/2441-17
extra-gazettes	2025-06-18	Ministry of Higher Education - The Universities Act No. 16 of 1978 Degree Awarding Institute Order Sri Lanka Institute of Information Technology (Guarantee)  Limited - kandy Branch	https://documents.gov.lk/view/extra-gazettes/2025/6/2441-16_S.pdf	https://documents.gov.lk/view/extra-gazettes/2025/6/2441-16_T.pdf	https://documents.gov.lk/view/extra-gazettes/2025/6/2441-16_E.pdf	2441/16	2441-16	data/extra-gazettes/2025/2441-16
extra-gazettes	2025-06-18	Ministry of Education - Universities Act, No. 16 of 1978 degree Awarding Institute Order CINEC Campus (Private) Limited	https://documents.gov.lk/view/extra-gazettes/2025/6/2441-15_S.pdf	https://documents.gov.lk/view/extra-gazettes/2025/6/2441-15_T.pdf	https://documents.gov.lk/view/extra-gazettes/2025/6/2441-15_E.pdf	2441/15	2441-15	data/extra-gazettes/2025/2441-15
extra-gazettes	2025-06-18	Election Commission - Notice under Section 66A (1)(a) Appointed Mr. N.M. Neel Navarathna as a Member of Karuwalagaswewa Pradeshiya Sabha	https://documents.gov.lk/view/extra-gazettes/2025/6/2441-13_S.pdf	None	https://documents.gov.lk/view/extra-gazettes/2025/6/2441-13_E.pdf	2441/13	2441-13	data/extra-gazettes/2025/2441-13
extra-gazettes	2025-06-18	Dept. of Local Government - Sabaragamuwa P.C Appointed Chairman, Vice Chairman Mayor and Deputy Mayor of Local Government Institutions	https://documents.gov.lk/view/extra-gazettes/2025/6/2441-12_S.pdf	None	None	2441/12	2441-12	data/extra-gazettes/2025/2441-12
bills	2025-06-17	Samurdhi (Amendment) - Bill	https://documents.gov.lk/view/bills/2025/6/614-2025_S.pdf	https://documents.gov.lk/view/bills/2025/6/614-2025_T.pdf	https://documents.gov.lk/view/bills/2025/6/614-2025_E.pdf	614/2025	614-2025	data/bills/2025/614-2025
bills	2025-06-17	Gambling Regulatory Authority - Bill	https://documents.gov.lk/view/bills/2025/6/613-2025_S.pdf	https://documents.gov.lk/view/bills/2025/6/613-2025_T.pdf	https://documents.gov.lk/view/bills/2025/6/613-2025_E.pdf	613/2025	613-2025	data/bills/2025/613-2025
bills	2025-06-17	Bills of Exchange (Amendment) - Bill	https://documents.gov.lk/view/bills/2025/6/612-2025_S.pdf	https://documents.gov.lk/view/bills/2025/6/612-2025_T.pdf	https://documents.gov.lk/view/bills/2025/6/612-2025_E.pdf	612/2025	612-2025	data/bills/2025/612-2025
extra-gazettes	2025-06-17	Election Commission - Declare that U.J.M. Afras was elected as the member of the No. 3 Galbokka of Weligama Urban Council.	https://documents.gov.lk/view/extra-gazettes/2025/6/2441-11_S.pdf	https://documents.gov.lk/view/extra-gazettes/2025/6/2441-11_T.pdf	https://documents.gov.lk/view/extra-gazettes/2025/6/2441-11_E.pdf	2441/11	2441-11	data/extra-gazettes/2025/2441-11
extra-gazettes	2025-06-17	Ministry of Public Administration, Provincial Councils and Local Government - Pilgrimages Ordinance. Regulations of Annual  Esala Perahera Ceremony of Sri Saddharmathilaka Viharasthanaya - Kandy.	https://documents.gov.lk/view/extra-gazettes/2025/6/2441-10_S.pdf	https://documents.gov.lk/view/extra-gazettes/2025/6/2441-10_T.pdf	https://documents.gov.lk/view/extra-gazettes/2025/6/2441-10_E.pdf	2441/10	2441-10	data/extra-gazettes/2025/2441-10
extra-gazettes	2025-06-17	Ministry of Defence - General Sir John Kotelawala Defence University. Amendments to the Closing Date.	https://documents.gov.lk/view/extra-gazettes/2025/6/2441-09_S.pdf	https://documents.gov.lk/view/extra-gazettes/2025/6/2441-09_T.pdf	https://documents.gov.lk/view/extra-gazettes/2025/6/2441-09_E.pdf	2441/09	2441-09	data/extra-gazettes/2025/2441-09
extra-gazettes	2025-06-17	Land Aquisition - Rangallepola, Narammala D/S Division, Kurunegala District	https://documents.gov.lk/view/extra-gazettes/2025/6/2441-08_S.pdf	None	https://documents.gov.lk/view/extra-gazettes/2025/6/2441-08_E.pdf	2441/08	2441-08	data/extra-gazettes/2025/2441-08
